{
  "metadata": {
    "experiment_config": {
      "experiment_id": "7ae2459f",
      "algorithm_name": "Novel_Bio_GNN",
      "dataset_names": [
        "pbmc_10k",
        "brain_atlas",
        "immune_atlas"
      ],
      "metrics": [
        "accuracy",
        "f1_score",
        "auc"
      ],
      "baseline_methods": [
        "GCN",
        "GAT",
        "GraphSAGE"
      ],
      "num_runs": 5,
      "statistical_threshold": 0.05
    },
    "algorithm_parameters": {
      "temporal_resolution": 10,
      "trajectory_awareness": true,
      "dynamic_edge_weights": true,
      "pseudotime_integration": true
    },
    "timestamp": "20250814_180907"
  },
  "results": {
    "experiment_id": "7ae2459f",
    "algorithm_performance": {
      "pbmc_10k": {
        "accuracy_mean": 0.9682320737423533,
        "accuracy_std": 0.0024101573401037104,
        "accuracy_min": 0.9639064807341652,
        "accuracy_max": 0.97,
        "f1_score_mean": 0.910138149317812,
        "f1_score_std": 0.002265547899697513,
        "f1_score_min": 0.9060720918901152,
        "f1_score_max": 0.9117999999999999,
        "auc_mean": 0.9779143944797768,
        "auc_std": 0.0024342589135047583,
        "auc_min": 0.9735455455415069,
        "auc_max": 0.9797
      },
      "brain_atlas": {
        "accuracy_mean": 0.9681673965130548,
        "accuracy_std": 0.0036652069738903224,
        "accuracy_min": 0.9608369825652742,
        "accuracy_max": 0.97,
        "f1_score_mean": 0.9100773527222715,
        "f1_score_std": 0.0034452945554569237,
        "f1_score_min": 0.9031867636113576,
        "f1_score_max": 0.9117999999999999,
        "auc_mean": 0.9778490704781854,
        "auc_std": 0.0037018590436292517,
        "auc_min": 0.9704453523909269,
        "auc_max": 0.9797
      },
      "immune_atlas": {
        "accuracy_mean": 0.9694502286801698,
        "accuracy_std": 0.0010995426396601005,
        "accuracy_min": 0.9672511434008497,
        "accuracy_max": 0.97,
        "f1_score_mean": 0.9112832149593597,
        "f1_score_std": 0.0010335700812805105,
        "f1_score_min": 0.9092160747967987,
        "f1_score_max": 0.9117999999999999,
        "auc_mean": 0.9791447309669717,
        "auc_std": 0.001110538066056721,
        "auc_min": 0.9769236548348582,
        "auc_max": 0.9797
      }
    },
    "baseline_performance": {
      "pbmc_10k": {
        "GCN": {
          "accuracy_mean": 0.7963973680943928,
          "accuracy_std": 0.03371084716056304,
          "accuracy_min": 0.7427843611343569,
          "accuracy_max": 0.8409733496246891,
          "f1_score_mean": 0.7628907930265216,
          "f1_score_std": 0.030744295119799033,
          "f1_score_min": 0.7264588029540947,
          "f1_score_max": 0.8130426132467292,
          "auc_mean": 0.8217993321134223,
          "auc_std": 0.02148349299434484,
          "auc_min": 0.7961829710334577,
          "auc_max": 0.8468175011185322
        },
        "GAT": {
          "accuracy_mean": 0.811098090818294,
          "accuracy_std": 0.028757931451348518,
          "accuracy_min": 0.7758422482400109,
          "accuracy_max": 0.8513061286217805,
          "f1_score_mean": 0.8287116981087299,
          "f1_score_std": 0.03393020943483806,
          "f1_score_min": 0.7705893238165052,
          "f1_score_max": 0.8559587560728714,
          "auc_mean": 0.8707384001892053,
          "auc_std": 0.02570588188102459,
          "auc_min": 0.8208512922649903,
          "auc_max": 0.8884409724037226
        },
        "GraphSAGE": {
          "accuracy_mean": 0.8050471194849544,
          "accuracy_std": 0.0393230331274565,
          "accuracy_min": 0.7613911421214502,
          "accuracy_max": 0.8740554887963599,
          "f1_score_mean": 0.7666304748742812,
          "f1_score_std": 0.034474206746038114,
          "f1_score_min": 0.7269263419758085,
          "f1_score_max": 0.8245333932387555,
          "auc_mean": 0.8470467995740651,
          "auc_std": 0.025947553703363893,
          "auc_min": 0.8085395151284985,
          "auc_max": 0.8902691476100522
        }
      },
      "brain_atlas": {
        "GCN": {
          "accuracy_mean": 0.8193970609533083,
          "accuracy_std": 0.016577516340714245,
          "accuracy_min": 0.8002465597114041,
          "accuracy_max": 0.8484465878870775,
          "f1_score_mean": 0.768107354065385,
          "f1_score_std": 0.02412664616600686,
          "f1_score_min": 0.7464692624911222,
          "f1_score_max": 0.8053368448183792,
          "auc_mean": 0.8406227960728547,
          "auc_std": 0.027921665974870283,
          "auc_min": 0.7953570693665791,
          "auc_max": 0.8731330965703556
        },
        "GAT": {
          "accuracy_mean": 0.8300114588366319,
          "accuracy_std": 0.03620026872009488,
          "accuracy_min": 0.7791337498234091,
          "accuracy_max": 0.8730854237841326,
          "f1_score_mean": 0.8188814463883816,
          "f1_score_std": 0.018341537509007348,
          "f1_score_min": 0.7882266514385484,
          "f1_score_max": 0.8363603092861869,
          "auc_mean": 0.8645323276302663,
          "auc_std": 0.019238383631269843,
          "auc_min": 0.8376734600122148,
          "auc_max": 0.8965402946935223
        },
        "GraphSAGE": {
          "accuracy_mean": 0.780451294555952,
          "accuracy_std": 0.043798897194720854,
          "accuracy_min": 0.7319702524484287,
          "accuracy_max": 0.8460539329492461,
          "f1_score_mean": 0.7473010568335093,
          "f1_score_std": 0.04213508795992054,
          "f1_score_min": 0.7206068156390504,
          "f1_score_max": 0.8307742223484935,
          "auc_mean": 0.8524650298329867,
          "auc_std": 0.008116857772254538,
          "auc_min": 0.8398748114793704,
          "auc_max": 0.8613642190659176
        }
      },
      "immune_atlas": {
        "GCN": {
          "accuracy_mean": 0.8000533286786566,
          "accuracy_std": 0.036276028099045704,
          "accuracy_min": 0.7542600579841694,
          "accuracy_max": 0.8373181122510449,
          "f1_score_mean": 0.7474916350663736,
          "f1_score_std": 0.032860401250377404,
          "f1_score_min": 0.7132767032242088,
          "f1_score_max": 0.8060036283709713,
          "auc_mean": 0.8319849365488569,
          "auc_std": 0.010937466615354453,
          "auc_min": 0.8197657888214919,
          "auc_max": 0.8486772263886978
        },
        "GAT": {
          "accuracy_mean": 0.8020831486873184,
          "accuracy_std": 0.024539023664023676,
          "accuracy_min": 0.7806625669681138,
          "accuracy_max": 0.8446998415703137,
          "f1_score_mean": 0.7829710879719117,
          "f1_score_std": 0.04030980434652041,
          "f1_score_min": 0.7437319011226085,
          "f1_score_max": 0.856885293850229,
          "auc_mean": 0.8758958023162918,
          "auc_std": 0.02104126406753717,
          "auc_min": 0.8412956941401674,
          "auc_max": 0.8976432029022099
        },
        "GraphSAGE": {
          "accuracy_mean": 0.7894255569961477,
          "accuracy_std": 0.03293342307413569,
          "accuracy_min": 0.7426561806638092,
          "accuracy_max": 0.8301490078158147,
          "f1_score_mean": 0.748172369543063,
          "f1_score_std": 0.01846506575725797,
          "f1_score_min": 0.7216537284694237,
          "f1_score_max": 0.7680637252301205,
          "auc_mean": 0.845072882233951,
          "auc_std": 0.04103170668292646,
          "auc_min": 0.7936868568181774,
          "auc_max": 0.895347473398145
        }
      }
    },
    "statistical_significance": {
      "pbmc_10k": {
        "accuracy_vs_GCN": 0.1563305887040789,
        "accuracy_vs_GAT": 0.18573203415188133,
        "accuracy_vs_GraphSAGE": 0.17363009148520225,
        "f1_score_vs_GCN": 0.20550528741741925,
        "f1_score_vs_GAT": 0.3371470975818358,
        "f1_score_vs_GraphSAGE": 0.2129846511129383,
        "auc_vs_GCN": 0.18776987526729094,
        "auc_vs_GAT": 0.2856480114188571,