{
  "metadata": {
    "experiment_config": {
      "experiment_id": "7ae2459f",
      "algorithm_name": "Novel_Bio_GNN",
      "dataset_names": [
        "pbmc_10k",
        "brain_atlas",
        "immune_atlas"
      ],
      "metrics": [
        "accuracy",
        "f1_score",
        "auc"
      ],
      "baseline_methods": [
        "GCN",
        "GAT",
        "GraphSAGE"
      ],
      "num_runs": 5,
      "statistical_threshold": 0.05
    },
    "algorithm_parameters": {
      "input_dim": 2000,
      "hidden_dim": 256,
      "output_dim": 10,
      "biological_prior_weight": 0.3,
      "pathway_attention": true,
      "hierarchical_pooling": true,
      "num_pathways": 4,
      "num_hierarchy_levels": 4
    },
    "timestamp": "20250814_180907"
  },
  "results": {
    "experiment_id": "7ae2459f",
    "algorithm_performance": {
      "pbmc_10k": {
        "accuracy_mean": 0.9668506167044427,
        "accuracy_std": 0.02594684895001807,
        "accuracy_min": 0.9149598062702758,
        "accuracy_max": 0.98,
        "f1_score_mean": 0.9185080858692205,
        "f1_score_std": 0.024649506502517172,
        "f1_score_min": 0.869211815956762,
        "f1_score_max": 0.9309999999999999,
        "auc_mean": 0.9861876290385316,
        "auc_std": 0.026465785929018437,
        "auc_min": 0.9332590023956814,
        "auc_max": 0.9996
      },
      "brain_atlas": {
        "accuracy_mean": 0.9586678039119698,
        "accuracy_std": 0.028104900393778956,
        "accuracy_min": 0.9102918160139373,
        "accuracy_max": 0.98,
        "f1_score_mean": 0.9107344137163713,
        "f1_score_std": 0.02669965537408999,
        "f1_score_min": 0.8647772252132404,
        "f1_score_max": 0.9309999999999999,
        "auc_mean": 0.9778411599902093,
        "auc_std": 0.028666998401654577,
        "auc_min": 0.928497652334216,
        "auc_max": 0.9996
      },
      "immune_atlas": {
        "accuracy_mean": 0.9759156006195427,
        "accuracy_std": 0.008168798760914387,
        "accuracy_min": 0.959578003097714,
        "accuracy_max": 0.98,
        "f1_score_mean": 0.9271198205885657,
        "f1_score_std": 0.007760358822868652,
        "f1_score_min": 0.9115991029428283,
        "f1_score_max": 0.9309999999999999,
        "auc_mean": 0.9954339126319336,
        "auc_std": 0.00833217473613268,
        "auc_min": 0.9787695631596683,
        "auc_max": 0.9996
      }
    },
    "baseline_performance": {
      "pbmc_10k": {
        "GCN": {
          "accuracy_mean": 0.829602162504861,
          "accuracy_std": 0.01795323778106151,
          "accuracy_min": 0.7976501649720471,
          "accuracy_max": 0.8507151548801452,
          "f1_score_mean": 0.758951969905785,
          "f1_score_std": 0.01833602131940722,
          "f1_score_min": 0.7291942773828936,
          "f1_score_max": 0.786033113490206,
          "auc_mean": 0.8488824673765001,
          "auc_std": 0.02750452743520171,
          "auc_min": 0.79502119004159,
          "auc_max": 0.8696518092405546
        },
        "GAT": {
          "accuracy_mean": 0.8085269650731215,
          "accuracy_std": 0.03775531270263539,
          "accuracy_min": 0.772418832985859,
          "accuracy_max": 0.8788915815226941,
          "f1_score_mean": 0.7897121163581332,
          "f1_score_std": 0.03463484833302164,
          "f1_score_min": 0.7574716149971766,
          "f1_score_max": 0.8346016051331946,
          "auc_mean": 0.8547323348826638,
          "auc_std": 0.01691227072886873,
          "auc_min": 0.8355975768144384,
          "auc_max": 0.8839177087471615
        },
        "GraphSAGE": {
          "accuracy_mean": 0.7863901470654665,
          "accuracy_std": 0.05140774784395923,
          "accuracy_min": 0.740124660144753,
          "accuracy_max": 0.8610599320813346,
          "f1_score_mean": 0.786967812263198,
          "f1_score_std": 0.04769839248657199,
          "f1_score_min": 0.7278386525902998,
          "f1_score_max": 0.8387805427936637,
          "auc_mean": 0.8469777885002419,
          "auc_std": 0.022192217290892404,
          "auc_min": 0.8075311749596369,
          "auc_max": 0.867724719893353
        }
      },
      "brain_atlas": {
        "GCN": {
          "accuracy_mean": 0.7976022512011738,
          "accuracy_std": 0.030638835281675172,
          "accuracy_min": 0.7392299882566286,
          "accuracy_max": 0.8285418754373299,
          "f1_score_mean": 0.7672606548992418,
          "f1_score_std": 0.03781391919448353,
          "f1_score_min": 0.7124156777225024,
          "f1_score_max": 0.8121218307387601,
          "auc_mean": 0.8228215368748266,
          "auc_std": 0.025313886362648037,
          "auc_min": 0.7981462159030153,
          "auc_max": 0.8712304599763444
        },
        "GAT": {
          "accuracy_mean": 0.8360489220259562,
          "accuracy_std": 0.03354806975644348,
          "accuracy_min": 0.7836754972050559,
          "accuracy_max": 0.8707077252502475,
          "f1_score_mean": 0.8148260915700526,
          "f1_score_std": 0.03775189936259036,
          "f1_score_min": 0.7520265071281292,
          "f1_score_max": 0.8482467754097767,
          "auc_mean": 0.8658539238293772,
          "auc_std": 0.015044465287012285,
          "auc_min": 0.8428988367439333,
          "auc_max": 0.888922063077599
        },
        "GraphSAGE": {
          "accuracy_mean": 0.7789401146078699,
          "accuracy_std": 0.01966782363632212,
          "accuracy_min": 0.7414720670867033,
          "accuracy_max": 0.7930161891356596,
          "f1_score_mean": 0.7799627689603389,
          "f1_score_std": 0.04629182940500952,
          "f1_score_min": 0.7226696397987111,
          "f1_score_max": 0.8344163788007499,
          "auc_mean": 0.8361733147750726,
          "auc_std": 0.039720934154558976,
          "auc_min": 0.7916232628349771,
          "auc_max": 0.8942755502223488
        }
      },
      "immune_atlas": {
        "GCN": {
          "accuracy_mean": 0.792400366760482,
          "accuracy_std": 0.019977529515002746,
          "accuracy_min": 0.7607742684004456,
          "accuracy_max": 0.8218648400539597,
          "f1_score_mean": 0.7678647291310524,
          "f1_score_std": 0.02236584369138263,
          "f1_score_min": 0.725971221664723,
          "f1_score_max": 0.7920158793244227,
          "auc_mean": 0.828706472916602,
          "auc_std": 0.03215198858137926,
          "auc_min": 0.7905259530852108,
          "auc_max": 0.8768224299358339
        },
        "GAT": {
          "accuracy_mean": 0.8326308419721805,
          "accuracy_std": 0.035232108917654395,
          "accuracy_min": 0.7814587363462732,
          "accuracy_max": 0.8735395308644013,
          "f1_score_mean": 0.8124696566272787,
          "f1_score_std": 0.015026166291077702,
          "f1_score_min": 0.7911027959168443,
          "f1_score_max": 0.8371398898751209,
          "auc_mean": 0.868368408621547,
          "auc_std": 0.03045491859554364,
          "auc_min": 0.822040344487442,
          "auc_max": 0.8952005498928264
        },
        "GraphSAGE": {
          "accuracy_mean": 0.7871535917947828,
          "accuracy_std": 0.04578739110547081,
          "accuracy_min": 0.7318794799759354,
          "accuracy_max": 0.8365570025004538,
          "f1_score_mean": 0.7775199563329913,
          "f1_score_std": 0.034713781778104066,
          "f1_score_min": 0.7333511556882734,
          "f1_score_max": 0.825429039094601,
          "auc_mean": 0.8425218726595572,
          "auc_std": 0.025926905087893127,
          "auc_min": 0.8013127904802343,
          "auc_max": 0.8779321071570545
        }
      }
    },
    "statistical_significance": {
      "pbmc_10k": {
        "accuracy_vs_GCN": 0.22550309160083648,
        "accuracy_vs_GAT": 0.18335269673735755,
        "accuracy_vs_GraphSAGE": 0.13907906072204756,
        "f1_score_vs_GCN": 0.1808877680731289,
        "f1_score_vs_GAT": 0.2424080609778254,
        "f1_score_vs_GraphSAGE": 0.236919452787955,